Line #,Word
1,
1,Ἢ
1,οἵη
1,προλιποῦσα
1,δόμους
1,καὶ
1,πατρίδα
1,γαῖαν
2,ἤλυθεν
2,ἐς
2,Θήβας
2,μετ'
2,ἀρήιον
2,Ἀμφιτρύωνα
3,Ἀλκμήνη
3,θυγάτηρ
3,λαοσσόου
3,Ἠλεκτρύωνος
4,ἥ
4,ῥα
4,γυναικῶν
4,φῦλον
4,ἐκαίνυτο
4,θηλυτεράων
5,εἴδεΐ
5,τε
5,μεγέθει
5,τε
5,νόον
5,γε
5,μὲν
5,οὔ
5,τις
5,ἔριζε
6,τάων
6,ἃς
6,θνηταὶ
6,θνητοῖς
6,τέκον
6,εὐνηθεῖσαι
7,τῆς
7,καὶ
7,ἀπὸ
7,κρῆθεν
7,βλεφάρων
7,τ'
7,ἄπο
7,κυανεάων
8,τοῖον
8,ἄηθ'
8,οἷόν
8,τε
8,πολυχρύσου
8,Ἀφροδίτης
9,ἣ
9,δὲ
9,καὶ
9,ὣς
9,κατὰ
9,θυμὸν
9,ἑὸν
9,τίεσκεν
9,ἀκοίτην
10,ὡς
10,οὔ
10,πώ
10,τις
10,ἔτισε
10,γυναικῶν
10,θηλυτεράων
11,ἦ
11,μέν
11,οἱ
11,πατέρ'
11,ἐσθλὸν
11,ἀπέκτανε
11,ἶφι
11,δαμάσσας
12,χωσάμενος
12,περὶ
12,βουσί
12,λιπὼν
12,δ'
12,ὅ
12,γε
12,πατρίδα
12,γαῖαν
13,ἐς
13,Θήβας
13,ἱκέτευσε
13,φερεσσακέας
13,Καδμείους
14,ἔνθ'
14,ὅ
14,γε
14,δώματ'
14,ἔναιε
14,σὺν
14,αἰδοίῃ
14,παρακοίτι
15,νόσφιν
15,ἄτερ
15,φιλότητος
15,ἐφιμέρου
15,οὐδέ
15,οἱ
15,ἦεν
16,πρὶν
16,λεχέων
16,ἐπιβῆναι
16,ἐυσφύρου
16,Ἠλεκτρυώνης
17,πρίν
17,γε
17,φόνον
17,τείσαιτο
17,κασιγνήτων
17,μεγαθύμων
18,ἧς
18,ἀλόχου
18,μαλερῷ
18,δὲ
18,καταφλέξαι
18,πυρὶ
18,κώμας
19,ἀνδρῶν
19,ἡρώων
19,Ταφίων
19,ἰδὲ
19,Τηλεβοάων
20,τὼς
20,γάρ
20,οἱ
20,διέκειτο
20,θεοὶ
20,δ'
20,ἐπὶ
20,μάρτυροι
20,ἦσαν
21,τῶν
21,ὅ
21,γ'
21,ὀπίζετο
21,μῆνιν
21,ἐπείγετο
21,δ'
21,ὅττι
21,τάχιστα
22,ἐκτελέσαι
22,μέγα
22,ἔργον
22,ὅ
22,οἱ
22,Διόθεν
22,θέμις
22,ἦεν
23,τῷ
23,δ'
23,ἅμα
23,ἱέμενοι
23,πολέμοιό
23,τε
23,φυλόπιδός
23,τε
24,Βοιωτοὶ
24,πλήξιπποι
24,ὑπὲρ
24,σακέων
24,πνείοντες
25,Λοκροί
25,τ'
25,ἀγχέμαχοι
25,καὶ
25,Φωκῆες
25,μεγάθυμοι
26,ἕσποντ'
26,ἦρχε
26,δὲ
26,τοῖσιν
26,ἐὺς
26,πάις
26,Ἀλκαίοιο
27,κυδιόων
27,λαοῖσι
27,πατὴρ
27,δ'
27,ἀνδρῶν
27,τε
27,θεῶν
27,τε
28,ἄλλην
28,μῆτιν
28,ὕφαινε
28,μετὰ
28,φρεσίν
28,ὥς
28,ῥα
28,θεοῖσιν
29,ἀνδράσι
29,τ'
29,ἀλφηστῇσιν
29,ἀρῆς
29,ἀλκτῆρα
29,φυτεύσαι
30,ὦρτο
30,δ'
30,ἀπ'
30,Οὐλύμποιο
30,δόλον
30,φρεσὶ
30,βυσσοδομεύων
31,ἱμείρων
31,φιλότητος
31,ἐυζώνοιο
31,γυναικός
32,ἐννύχιος
32,τάχα
32,δ'
32,ἷξε
32,Τυφαόνιον
32,τόθεν
32,αὖτις
33,Φίκιον
33,ἀκρότατον
33,προσεβήσατο
33,μητίετα
33,Ζεύς
34,ἔνθα
34,καθεζόμενος
34,φρεσὶ
34,μήδετο
34,θέσκελα
34,ἔργα
35,αὐτῇ
35,μὲν
35,γὰρ
35,νυκτὶ
35,τανισφύρου
35,Ἠλεκτρυώνης
36,εὐνῇ
36,καὶ
36,φιλότητι
36,μίγη
36,τέλεσεν
36,δ'
36,ἄρ'
36,ἐέλδωρ
37,αὐτῇ
37,δ'
37,Ἀμφιτρύων
37,λαοσσόος
37,ἀγλαὸς
37,ἥρως
38,ἐκτελέσας
38,μέγα
38,ἔργον
38,ἀφίκετο
38,ὅνδε
38,δόμονδε
39,οὐδ'
39,ὅ
39,γε
39,πρὶν
39,δμῶας
39,καὶ
39,ποιμένας
39,ἀγροιώτας
40,ὦρτ'
40,ἰέναι
40,πρίν
40,γ'
40,ἧς
40,ἀλόχου
40,ἐπιβήμεναι
40,εὐνῆς
41,τοῖος
41,γὰρ
41,κραδίην
41,πόθος
41,αἴνυτο
41,ποιμένα
41,λαῶν
42,ὡς
42,δ'
42,ὅτ'
42,ἀνὴρ
42,ἀσπαστὸν
42,ὑπεκπροφύγῃ
42,κακότητα
43,νούσου
43,ὑπ'
43,ἀργαλέης
43,ἢ
43,καὶ
43,κρατεροῦ
43,ὑπὸ
43,δεσμοῦ
44,ὥς
44,ῥα
44,τότ'
44,Ἀμφιτρύων
44,χαλεπὸν
44,πόνον
44,ἐκτολυπεύσας
45,ἀσπασίως
45,τε
45,φίλως
45,τε
45,ἑὸν
45,δόμον
45,εἰσαφίκανεν
46,παννύχιος
46,δ'
46,ἄρ'
46,ἔλεκτο
46,σὺν
46,αἰδοίῃ
46,παρακοίτι
47,τερπόμενος
47,δώροισι
47,πολυχρύσου
47,Ἀφροδίτης
48,ἣ
48,δὲ
48,θεῷ
48,δμηθεῖσα
48,καὶ
48,ἀνέρι
48,πολλὸν
48,ἀρίστῳ
49,Θήβῃ
49,ἐν
49,ἑπταπύλῳ
49,διδυμάονε
49,γείνατο
49,παῖδε
50,οὐκέθ'
50,ὁμὰ
50,φρονέοντε
50,κασιγνήτω
50,γε
50,μὲν
50,ἤστην
51,τὸν
51,μὲν
51,χειρότερον
51,τὸν
51,δ'
51,αὖ
51,μέγ'
51,ἀμείνονα
51,φῶτα
52,δεινόν
52,τε
52,κρατερόν
52,τε
52,βίην
52,Ἡρακληείην
53,τὸν
53,μὲν
53,ὑποδμηθεῖσα
53,κελαινεφέι
53,Κρονίωνι
54,αὐτὰρ
54,Ἰφικλῆα
54,δορυσσόῳ
54,Ἀμφιτρύωνι
55,κεκριμένην
55,γενεήν
55,τὸν
55,μὲν
55,βροτῷ
55,ἀνδρὶ
55,μιγεῖσα
56,τὸν
56,δὲ
56,Διὶ
56,Κρονίωνι
56,θεῶν
56,σημάντορι
56,πάντων
57,Ὃς
57,καὶ
57,Κύκνον
57,ἔπεφνεν
57,Ἀρητιάδην
57,μεγάθυμον
58,εὗρε
58,γὰρ
58,ἐν
58,τεμένει
58,ἑκατηβόλου
58,Ἀπόλλωνος
59,αὐτὸν
59,καὶ
59,πατέρα
59,ὃν
59,Ἄρη'
59,ἄατον
59,πολέμοιο
60,τεύχεσι
60,λαμπομένους
60,σέλας
60,ὣς
60,πυρὸς
60,αἰθομένοιο
61,ἑσταότ'
61,ἐν
61,δίφρῳ
61,χθόνα
61,δ'
61,ἔκτυπον
61,ὠκέες
61,ἵπποι
62,νύσσοντες
62,χηλῇσι
62,κόνις
62,δέ
62,σφ'
62,ἀμφιδεδήει
63,κοπτομένη
63,πλεκτοῖσιν
63,ὑφ'
63,ἅρμασι
63,καὶ
63,ποσὶν
63,ἵππων
64,ἅρματα
64,δ'
64,εὐποίητα
64,καὶ
64,ἄντυγες
64,ἀμφαράβιζον
65,ἵππων
65,ἱεμένων
65,κεχάρητο
65,δὲ
65,Κύκνος
65,ἀμύμων
66,ἐλπόμενος
66,Διὸς
66,υἱὸν
66,ἀρήιον
66,ἡνίοχόν
66,τε
67,χαλκῷ
67,δῃώσειν
67,καὶ
67,ἀπὸ
67,κλυτὰ
67,τεύχεα
67,δύσειν
68,ἀλλά
68,οἱ
68,εὐχωλέων
68,οὐκ
68,ἔκλυε
68,Φοῖβος
68,Ἀπόλλων
69,αὐτὸς
69,γάρ
69,οἱ
69,ἐπῶρσε
69,βίην
69,Ἡρακληείην
70,πᾶν
70,δ'
70,ἄλσος
70,καὶ
70,βωμὸς
70,Ἀπόλλωνος
70,Παγασαίου
71,λάμπεν
71,ὑπαὶ
71,δεινοῖο
71,θεοῦ
71,τευχέων
71,τε
71,καὶ
71,αὐτοῦ
72,πῦρ
72,δ'
72,ὣς
72,ὀφθαλμῶν
72,ἀπελάμπετο
72,τίς
72,κεν
72,ἐκείνου
73,ἔτλη
73,θνητὸς
73,ἐὼν
73,κατεναντίον
73,ὁρμηθῆναι
74,πλήν
74,γ'
74,Ἡρακλῆος
74,καὶ
74,κυδαλίμου
74,Ἰολάου;
75,κείνων
75,γὰρ
75,μεγάλη
75,τε
75,βίη
75,καὶ
75,χεῖρες
75,ἄαπτοι
76,ἐξ
76,ὤμων
76,ἐπέφυκον
76,ἐπὶ
76,στιβαροῖσι
76,μέλεσσιν
77,ὅς
77,ῥα
77,τόθ'
77,ἡνίοχον
77,προσέφη
77,κρατερὸν
77,Ἰόλαον
78,Ἥρως
78,ὦ
78,Ἰόλαε
78,βροτῶν
78,πολὺ
78,φίλτατε
78,πάντων
79,ἦ
79,τι
79,μέγ'
79,ἀθανάτους
79,μάκαρας
79,τοὶ
79,Ὄλυμπον
79,ἔχουσιν
80,ἤλιτεν
80,Ἀμφιτρύων
80,ὅτ'
80,ἐυστέφανον
80,ποτὶ
80,Θήβην
81,ἦλθε
81,λιπὼν
81,Τίρυνθον
81,ἐυκτίμενον
81,πτολίεθρον
82,κτείνας
82,Ἠλεκτρύωνα
82,βοῶν
82,ἕνεκ'
82,εὐρυμετώπων
83,ἵκετο
83,δ'
83,ἐς
83,Κρείοντα
83,καὶ
83,Ἡνιόχην
83,τανύπεπλον
84,οἵ
84,ῥά
84,μιν
84,ἠσπάζοντο
84,καὶ
84,ἄρματα
84,πάντα
84,παρεῖχον
85,ἣ
85,δίκη
85,ἔσθ'
85,ἱκέτῃσι
85,τίον
85,δ'
85,ἄρα
85,κηρόθι
85,μᾶλλον
86,ζῶε
86,δ'
86,ἀγαλλόμενος
86,σὺν
86,ἐυσφύρῳ
86,Ἠλεκτρυώνῃ
87,ᾗ
87,ἀλόχῳ
87,τάχα
87,δ'
87,ἄμμες
87,ἐπιπλομένων
87,ἐνιαυτῶν
88,γεινόμεθ'
88,οὔτε
88,φυὴν
88,ἐναλίγκιοι
88,οὔτε
88,νόημα
89,σός
89,τε
89,πατὴρ
89,καὶ
89,ἐγώ
89,τοῦ
89,μὲν
89,φρένας
89,ἐξέλετο
89,Ζεύς
90,ὃς
90,προλιπὼν
90,σφέτερόν
90,τε
90,δόμον
90,σφετέρους
90,τε
90,τοκῆας
91,ᾤχετο
91,τιμήσων
91,ἀλιτήμενον
91,Εὐρυσθῆα
92,σχέτλιος
92,ἦ
92,που
92,πολλὰ
92,μετεστοναχίζετ'
92,ὀπίσσω
93,ἣν
93,ἄτην
93,ὀχέων
93,ἣ
93,δ'
93,οὐ
93,παλινάγρετός
93,ἐστιν
94,αὐτὰρ
94,ἐμοὶ
94,δαίμων
94,χαλεποὺς
94,ἐπετέλλετ'
94,ἀέθλους
95,ὦ
95,φίλος
95,ἀλλὰ
95,σὺ
95,θᾶσσον
95,ἔχ'
95,ἡνία
95,φοινικόεντα
96,ἵππων
96,ὠκυπόδων
96,μέγα
96,δὲ
96,φρεσὶ
96,θάρσος
96,ἀέξων
97,ἰθὺς
97,ἔχειν
97,θοὸν
97,ἅρμα
97,καὶ
97,ὠκυπόδων
97,σθένος
97,ἵππων
98,μηδὲν
98,ὑποδδείσας
98,κτύπον
98,Ἄρεος
98,ἀνδροφόνοιο
99,ὃς
99,νῦν
99,κεκληγὼς
99,περιμαίνεται
99,ἱερὸν
99,ἄλσος
100,Φοίβου
100,Ἀπόλλωνος
100,ἑκατηβελέταο
100,ἄνακτος
101,ἦ
101,μὴν
101,καὶ
101,κράτερός
101,περ
101,ἐὼν
101,ἄαται
101,πολέμοιο
102,Τὸν
102,δ'
102,αὖτε
102,προσέειπεν
102,ἀμώμητος
102,Ἰόλαος
103,ἠθεῖ'
103,ἦ
103,μάλα
103,δή
103,τι
103,πατὴρ
103,ἀνδρῶν
103,τε
103,θεῶν
103,τε
104,τιμᾷ
104,σὴν
104,κεφαλὴν
104,καὶ
104,ταύρεος
104,Ἐννοσίγαιος
105,ὃς
105,Θήβης
105,κρήδεμνον
105,ἔχει
105,ῥύεταί
105,τε
105,πόληα
106,οἷον
106,δὴ
106,καὶ
106,τόνδε
106,βροτὸν
106,κρατερόν
106,τε
106,μέγαν
106,τε
107,σὰς
107,ἐς
107,χεῖρας
107,ἄγουσιν
107,ἵνα
107,κλέος
107,ἐσθλὸν
107,ἄρηαι
108,ἀλλ'
108,ἄγε
108,δύσεο
108,τεύχε'
108,ἀρήια
108,ὄφρα
108,τάχιστα
109,δίφρους
109,ἐμπελάσαντες
109,Ἄρηός
109,θ'
109,ἡμέτερόν
109,τε
110,μαρνώμεσθ'
110,ἐπεὶ
110,οὔ
110,τοι
110,ἀτάρβητον
110,Διὸς
110,υἱὸν
111,οὐδ'
111,Ἰφικλεΐδην
111,δειδίξεται
111,ἀλλά
111,μιν
111,οἴω
112,φεύξεσθαι
112,δύο
112,παῖδας
112,ἀμύμονος
112,Ἀλκεΐδαο
113,οἳ
113,δή
113,σφι
113,σχεδόν
113,εἰσι
113,λιλαιόμενοι
113,πολέμοιο
114,φυλόπιδα
114,στήσειν
114,τά
114,σφιν
114,πολὺ
114,φίλτερα
114,θοίνης
115,Ὣς
115,φάτο
115,μείδησεν
115,δὲ
115,βίη
115,Ἡρακληείη
116,θυμῷ
116,γηθήσας
116,μάλα
116,γάρ
116,νύ
116,οἱ
116,ἄρμενα
116,εἶπεν
117,καί
117,μιν
117,ἀμειβόμενος
117,ἔπεα
117,πτερόεντα
117,προσηύδα
118,ἥρως
118,ὦ
118,Ἰόλαε
118,διοτρεφές
118,οὐκέτι
118,τηλοῦ
119,ὑσμίνη
119,τρηχεῖα
119,σὺ
119,δ'
119,ὡς
119,πάρος
119,ἦσθα
119,δαΐφρων
120,ὣς
120,καὶ
120,νῦν
120,μέγαν
120,ἵππον
120,Ἀρίονα
120,κυανοχαίτην
121,πάντη
121,ἀναστρωφᾶν
121,καὶ
121,ἀρηγέμεν
121,ὥς
121,κε
121,δύνηαι
122,Ὣς
122,εἰπὼν
122,κνημῖδας
122,ὀρειχάλκοιο
122,φαεινοῦ
123,Ἡφαίστου
123,κλυτὰ
123,δῶρα
123,περὶ
123,κνήμῃσιν
123,ἔθηκε
124,δεύτερον
124,αὖ
124,θώρηκα
124,περὶ
124,στήθεσσιν
124,ἔδυνε
125,καλὸν
125,χρύσειον
125,πολυδαίδαλον
125,ὅν
125,οἱ
125,ἔδωκε
126,Παλλὰς
126,Ἀθηναίη
126,κούρη
126,Διός
126,ὁππότ'
126,ἔμελλε
127,τὸ
127,πρῶτον
127,στονόεντας
127,ἐφορμήσεσθαι
127,ἀέθλους
128,θήκατο
128,δ'
128,ἀμφ'
128,ὤμοισιν
128,ἀρῆς
128,ἀλκτῆρα
128,σίδηρον
129,δεινὸς
129,ἀνήρ
129,κοίλην
129,δὲ
129,περὶ
129,στήθεσσι
129,φαρέτρην
130,κάββαλεν
130,ἐξόπιθεν
130,πολλοὶ
130,δ'
130,ἔντοσθεν
130,ὀιστοὶ
131,ῥιγηλοί
131,θανάτοιο
131,λαθιφθόγγοιο
131,δοτῆρες
132,πρόσθεν
132,μὲν
132,θάνατόν
132,τ'
132,εἶχον
132,καὶ
132,δάκρυσι
132,μῦρον
133,μέσσοι
133,δὲ
133,ξεστοί
133,περιμήκεες
133,αὐτὰρ
133,ὄπισθε
134,μόρφνοιο
134,φλεγύαο
134,καλυπτόμενοι
134,πτερύγεσσιν
135,εἵλετο
135,δ'
135,ὄβριμον
135,ἔγχος
135,ἀκαχμένον
135,αἴθοπι
135,χαλκῷ
136,κρατὶ
136,δ'
136,ἐπ'
136,ἰφθίμῳ
136,κυνέην
136,ἐύτυκτον
136,ἔθηκε
137,δαιδαλέην
137,ἀδάμαντος
137,ἐπὶ
137,κροτάφοις
137,ἀραρυῖαν
138,ἥ
138,τ'
138,εἴρυτο
138,κάρη
138,Ἡρακλῆος
138,θείοιο
139,Χερσί
139,γε
139,μὴν
139,σάκος
139,εἷλε
139,παναίολον
139,οὐδέ
139,τις
139,αὐτὸ
140,οὔτ'
140,ἔρρηξε
140,βαλὼν
140,οὔτ'
140,ἔθλασε
140,θαῦμα
140,ἰδέσθαι
141,πᾶν
141,μὲν
141,γὰρ
141,κύκλῳ
141,τιτάνῳ
141,λευκῷ
141,τ'
141,ἐλέφαντι
142,ἠλέκτρῳ
142,θ'
142,ὑπολαμπὲς
142,ἔην
142,χρυσῷ
142,τε
142,φαεινῷ
143,λαμπόμενον
143,κυάνου
143,δὲ
143,διὰ
143,πτύχες
143,ἠλήλαντο
144,ἐν
144,μέσσῳ
144,δ'
144,ἀδάμαντος
144,ἔην
144,Φόβος
144,οὔ
144,τι
144,φατειός
145,ἔμπαλιν
145,ὄσσοισιν
145,πυρὶ
145,λαμπομένοισι
145,δεδορκώς
146,τοῦ
146,καὶ
146,ὀδόντων
146,μὲν
146,πλῆτο
146,στόμα
146,λευκαθεόντων
147,δεινῶν
147,ἀπλήτων
147,ἐπὶ
147,δὲ
147,βλοσυροῖο
147,μετώπου
148,δεινὴ
148,Ἔρις
148,πεπότητο
148,κορύσσουσα
148,κλόνον
148,ἀνδρῶν
149,σχετλίη
149,ἥ
149,ῥα
149,νόον
149,τε
149,καὶ
149,ἐκ
149,φρένας
149,εἵλετο
149,φωτῶν
150,οἵτινες
150,ἀντιβίην
150,πόλεμον
150,Διὸς
150,υἷι
150,φέροιεν
151,τῶν
151,καὶ
151,ψυχαὶ
151,μὲν
151,χθόνα
151,δύνουσ'
151,Ἄιδος
151,εἴσω
152,αὐτῶν
152,ὀστέα
152,δέ
152,σφι
152,περὶ
152,ῥινοῖο
152,σαπείσης
153,Σειρίου
153,ἀζαλέοιο
153,κελαινῇ
153,πύθεται
153,αἴῃ
154,Ἐν
154,δὲ
154,Προΐωξίς
154,τε
154,Παλίωξίς
154,τε
154,τέτυκτο
155,ἐν
155,δ'
155,Ὅμαδός
155,τε
155,Φόνος
155,τ'
155,Ἀνδροκτασίη
155,τε
155,δεδήει
156,ἐν
156,δ'
156,Ἔρις
156,ἐν
156,δὲ
156,Κυδοιμὸς
156,ἐθύνεον
156,ἐν
156,δ'
156,ὀλοὴ
156,Κὴρ
157,ἄλλον
157,ζωὸν
157,ἔχουσα
157,νεούτατον
157,ἄλλον
157,ἄουτον
158,ἄλλον
158,τεθνηῶτα
158,κατὰ
158,μόθον
158,ἕλκε
158,ποδοῖιν
159,εἷμα
159,δ'
159,ἔχ'
159,ἀμφ'
159,ὤμοισι
159,δαφοινεὸν
159,αἵματι
159,φωτῶν
160,δεινὸν
160,δερκομένη
160,καναχῇσί
160,τε
160,βεβρυχυῖα
161,Ἐν
161,δ'
161,ὀφίων
161,κεφαλαὶ
161,δεινῶν
161,ἔσαν
161,οὔ
161,τι
161,φατειῶν
162,δώδεκα
162,ταὶ
162,φοβέεσκον
162,ἐπὶ
162,χθονὶ
162,φῦλ'
162,ἀνθρώπων
163,οἵτινες
163,ἀντιβίην
163,πόλεμον
163,Διὸς
163,υἷι
163,φέροιεν
164,τῶν
164,καὶ
164,ὀδόντων
164,μὲν
164,καναχὴ
164,πέλεν
164,εὖτε
164,μάχοιτο
165,Ἀμφιτρυωνιάδης
165,τὰ
165,δ'
165,ἐδαίετο
165,θαυματὰ
165,ἔργα
166,στίγματα
166,δ'
166,ὣς
166,ἐπέφαντο
166,ἰδεῖν
166,δεινοῖσι
166,δράκουσι
167,κυάνεοι
167,κατὰ
167,νῶτα
167,μελάνθησαν
167,δὲ
167,γένεια
168,Ἐν
168,δὲ
168,συῶν
168,ἀγέλαι
168,χλούνων
168,ἔσαν
168,ἠδὲ
168,λεόντων
169,ἐς
169,σφέας
169,δερκομένων
169,κοτεόντων
169,θ'
169,ἱεμένων
169,τε
170,τῶν
170,καὶ
170,ὁμιληδὸν
170,στίχες
170,ἤισαν
170,οὐδέ
170,νυ
170,τώ
170,γε
171,οὐδέτεροι
171,τρεέτην
171,φρῖσσόν
171,γε
171,μὲν
171,αὐχένας
171,ἄμφω
172,ἤδη
172,γάρ
172,σφιν
172,ἔκειτο
172,μέγας
172,λῖς
172,ἀμφὶ
172,δὲ
172,κάπροι
173,δοιοί
173,ἀπουράμενοι
173,ψυχάς
173,κατὰ
173,δέ
173,σφι
173,κελαινὸν
174,αἷμ'
174,ἀπελείβετ'
174,ἔραζ'
174,οἳ
174,δ'
174,αὐχένας
174,ἐξεριπόντες
175,κείατο
175,τεθνηῶτες
175,ὑπὸ
175,βλοσυροῖσι
175,λέουσιν
176,τοὶ
176,δ'
176,ἔτι
176,μᾶλλον
176,ἐγειρέσθην
176,κοτέοντε
176,μάχεσθαι
177,ἀμφότεροι
177,χλοῦναί
177,τε
177,σύες
177,χαροποί
177,τε
177,λέοντες
178,Ἐν
178,δ'
178,ἦν
178,ὑσμίνη
178,Λαπιθάων
178,αἰχμητάων
179,Καινέα
179,τ'
179,ἀμφὶ
179,ἄνακτα
179,Δρύαντά
179,τε
179,Πειρίθοόν
179,τε
180,Ὁπλέα
180,τ'
180,Ἐξάδιόν
180,τε
180,Φάληρόν
180,τε
180,Πρόλοχόν
180,τε
181,Μόψον
181,τ'
181,Ἀμπυκίδην
181,Τιταρήσιον
181,ὄζον
181,Ἄρηος
182,Θησέα
182,τ'
182,Αἰγεΐδην
182,ἐπιείκελον
182,ἀθανάτοισιν
183,ἀργύρεοι
183,χρύσεια
183,περὶ
183,χροῒ
183,τεύχε'
183,ἔχοντες
184,Κένταυροι
184,δ'
184,ἑτέρωθεν
184,ἐναντίοι
184,ἠγερέθοντο
185,ἀμφὶ
185,μέγαν
185,Πετραῖον
185,ἰδ'
185,Ἄσβολον
185,οἰωνιστὴν
186,Ἄρκτον
186,τ'
186,Οὔρειόν
186,τε
186,μελαγχαίτην
186,τε
186,Μίμαντα
187,καὶ
187,δύο
187,Πευκεΐδας
187,Περιμήδεά
187,τε
187,Δρύαλόν
187,τε
188,ἀργύρεοι
188,χρυσέας
188,ἐλάτας
188,ἐν
188,χερσὶν
188,ἔχοντες
189,καί
189,τε
189,συναΐγδην
189,ὡς
189,εἰ
189,ζωοί
189,περ
189,ἐόντες
190,ἔγχεσιν
190,ἠδ'
190,ἐλάτῃς
190,αὐτοσχεδὸν
190,ὠριγνῶντο
191,Ἐν
191,δ'
191,Ἄρεος
191,βλοσυροῖο
191,ποδώκεες
191,ἕστασαν
191,ἵπποι
192,χρύσεοι
192,ἐν
192,δὲ
192,καὶ
192,αὐτὸς
192,ἐναρσφόρος
192,οὔλιος
192,Ἄρης
193,αἰχμὴν
193,ἐν
193,χείρεσσιν
193,ἔχων
193,πρυλέεσσι
193,κελεύων
194,αἵματι
194,φοινικόεις
194,ὡς
194,εἰ
194,ζωοὺς
194,ἐναρίζων
195,δίφρου
195,ἐπεμβεβαώς
195,παρὰ
195,δὲ
195,Δεῖμός
195,τε
195,Φόβος
195,τε
196,ἕστασαν
196,ἱέμενοι
196,πόλεμον
196,καταδύμεναι
196,ἀνδρῶν
197,Ἐν
197,δὲ
197,Διὸς
197,θυγάτηρ
197,ἀγελείη
197,Τριτογένεια
198,τῇ
198,ἰκέλη
198,ὡς
198,εἴ
198,τε
198,μάχην
198,ἐθέλουσα
198,κορύσσειν
199,ἔγχος
199,ἔχουσ'
199,ἐν
199,χειρὶ
199,†
199,χρυσέην
199,τε
199,τρυφάλειαν
200,αἰγίδα
200,τ'
200,ἀμφ'
200,ὤμοις
200,ἐπὶ
200,δ'
200,ᾤχετο
200,φύλοπιν
200,αἰνήν
201,Ἐν
201,δ'
201,ἦν
201,ἀθανάτων
201,ἱερὸς
201,χορός
201,ἐν
201,δ'
201,ἄρα
201,μέσσῳ
202,ἱμερόεν
202,κιθάριζε
202,Διὸς
202,καὶ
202,Λητοῦς
202,υἱὸς
203,χρυσείῃ
203,φόρμιγγι
203,θεῶν
203,δ'
203,ἕδος
203,ἁγνὸς
203,Ὄλυμπος
204,ἐν
204,δ'
204,ἀγορή
204,περὶ
204,δ'
204,ὄλβος
204,ἀπείριτος
204,ἐστεφάνωτο
205,ἀθανάτων
205,ἐν
205,ἀγῶνι
205,θεαὶ
205,δ'
205,ἐξῆρχον
205,ἀοιδῆς
206,Μοῦσαι
206,Πιερίδες
206,λιγὺ
206,μελπομένῃς
206,ἐικυῖαι
207,Ἐν
207,δὲ
207,λιμὴν
207,εὔορμος
207,ἀμαιμακέτοιο
207,θαλάσσης
208,κυκλοτερὴς
208,ἐτέτυκτο
208,πανέφθου
208,κασσιτέροιο
209,κλυζομένῳ
209,ἴκελος
209,πολλοί
209,γε
209,μὲν
209,ἂμ
209,μέσον
209,αὐτοῦ
210,δελφῖνες
210,τῇ
210,καὶ
210,τῇ
210,ἐθύνεον
210,ἰχθυάοντες
211,νηχομένοις
211,ἴκελοι
211,δοιὼ
211,δ'
211,ἀναφυσιόωντες
212,ἀργύρεοι
212,δελφῖνες
212,ἐφοίβεον
212,ἔλλοπας
212,ἰχθῦς
213,τῶν
213,δ'
213,ὕπο
213,χάλκειοι
213,τρέον
213,ἰχθύες
213,αὐτὰρ
213,ἐπ'
213,ἀκτῆς
214,ἧστο
214,ἀνὴρ
214,ἁλιεὺς
214,δεδοκημένος
214,εἶχε
214,δὲ
214,χερσὶν
215,ἰχθύσιν
215,ἀμφίβληστρον
215,ἀπορρίψοντι
215,ἐοικώς
216,Ἐν
216,δ'
216,ἦν
216,ἠυκόμου
216,Δανάης
216,τέκος
216,ἱππότα
216,Περσεύς
217,οὔτ'
217,ἄρ'
217,ἐπιψαύων
217,σάκεος
217,ποσὶν
217,οὔθ'
217,ἑκὰς
217,αὐτοῦ
218,θαῦμα
218,μέγα
218,φράσσασθ'
218,ἐπεὶ
218,οὐδαμῇ
218,ἐστήρικτο
219,τὼς
219,γάρ
219,μιν
219,παλάμαις
219,τεῦξεν
219,κλυτὸς
219,Ἀμφιγυήεις
220,χρύσεον
220,ἀμφὶ
220,δὲ
220,ποσσὶν
220,ἔχεν
220,πτερόεντα
220,πέδιλα
221,ὤμοισιν
221,δέ
221,μιν
221,ἀμφὶ
221,μελάνδετον
221,ἆορ
221,ἔκειτο
222,χαλκέου
222,ἐκ
222,τελαμῶνος
222,ὃ
222,δ'
222,ὥς
222,τε
222,νόημ'
222,ἐποτᾶτο
223,πᾶν
223,δὲ
223,μετάφρενον
223,εἶχε
223,κάρη
223,δεινοῖο
223,πελώρου
224,Γοργοῦς
224,ἀμφὶ
224,δέ
224,μιν
224,κίβισις
224,θέε
224,θαῦμα
224,ἰδέσθαι
225,ἀργυρέη
225,θύσανοι
225,δὲ
225,κατῃωρεῦντο
225,φαεινοὶ
226,χρύσειοι
226,δεινὴ
226,δὲ
226,περὶ
226,κροτάφοισι
226,ἄνακτος
227,κεῖτ'
227,Ἄιδος
227,κυνέη
227,νυκτὸς
227,ζόφον
227,αἰνὸν
227,ἔχουσα
228,αὐτὸς
228,δὲ
228,σπεύδοντι
228,καὶ
228,ἐρρίγοντι
228,ἐοικὼς
229,Περσεὺς
229,Δαναΐδης
229,ἐτιταίνετο
229,ταὶ
229,δὲ
229,μετ'
229,αὐτὸν
230,Γοργόνες
230,ἄπλητοί
230,τε
230,καὶ
230,οὐ
230,φαταὶ
230,ἐρρώοντο
231,ἱέμεναι
231,μαπέειν
231,ἐπὶ
231,δὲ
231,χλωροῦ
231,ἀδάμαντος
232,βαινουσέων
232,ἰάχεσκε
232,σάκος
232,μεγάλῳ
232,ὀρυμαγδῷ
233,ὀξέα
233,καὶ
233,λιγέως
233,ἐπὶ
233,δὲ
233,ζώνῃσι
233,δράκοντε
234,δοιὼ
234,ἀπῃωρεῦντ'
234,ἐπικυρτώοντε
234,κάρηνα
235,λίχμαζον
235,δ'
235,ἄρα
235,τώ
235,γε
235,μένει
235,δ'
235,ἐχάρασσον
235,ὀδόντας
236,ἄγρια
236,δερκομένω
236,ἐπὶ
236,δὲ
236,δεινοῖσι
236,καρήνοις
237,Γοργείοις
237,ἐδονεῖτο
237,μέγας
237,φόβος
237,οἳ
237,δ'
237,ὑπὲρ
237,αὐτέων
238,ἄνδρες
238,ἐμαρνάσθην
238,πολεμήια
238,τεύχε'
238,ἔχοντες
239,τοὶ
239,μὲν
239,ὑπὲρ
239,σφετέρης
239,πόλιος
239,σφετέρων
239,τε
239,τοκήων
240,λοιγὸν
240,ἀμύνοντες
240,τοὶ
240,δὲ
240,πραθέειν
240,μεμαῶτες
241,πολλοὶ
241,μὲν
241,κέατο
241,πλέονες
241,δ'
241,ἔτι
241,δῆριν
241,ἔχοντες
242,μάρνανθ'
242,αἱ
242,δὲ
242,γυναῖκες
242,ἐυδμήτων
242,ἐπὶ
242,πύργων
243,χαλκέων
243,ὀξὺ
243,βόων
243,κατὰ
243,δ'
243,ἐδρύπτοντο
243,παρειάς
244,ζωῇσιν
244,ἴκελαι
244,ἔργα
244,κλυτοῦ
244,Ἡφαίστοιο
245,ἄνδρες
245,δ'
245,οἳ
245,πρεσβῆες
245,ἔσαν
245,γῆράς
245,τε
245,μέμαρπεν
246,ἀθρόοι
246,ἔκτοσθεν
246,πυλέων
246,ἔσαν
246,ἂν
246,δὲ
246,θεοῖσι
247,χεῖρας
247,ἔχον
247,μακάρεσσι
247,περὶ
247,σφετέροισι
247,τέκεσσι
248,δειδιότες
248,τοὶ
248,δ'
248,αὖτε
248,μάχην
248,ἔχον
248,αἳ
248,δὲ
248,μετ'
248,αὐτοὺς
249,Κῆρες
249,κυάνεαι
249,λευκοὺς
249,ἀραβεῦσαι
249,ὀδόντας
250,δεινωποὶ
250,βλοσυροί
250,τε
250,δαφοινοί
250,τ'
250,ἄπλητοί
250,τε
251,δῆριν
251,ἔχον
251,περὶ
251,πιπτόντων
251,πᾶσαι
251,δ'
251,ἄρ'
251,ἵεντο
252,αἷμα
252,μέλαν
252,πιέειν
252,ὃν
252,δὲ
252,πρῶτον
252,μεμάποιεν
253,κείμενον
253,ἢ
253,πίπτοντα
253,νεούτατον
253,ἀμφὶ
253,μὲν
253,αὐτῷ
254,βάλλ<ον
254,ὁμῶς>
254,ὄνυχας
254,μεγάλους
254,ψυχὴ
254,δὲ
254,Ἄιδόσδε
254,κατῇεν
255,Τάρταρον
255,ἐς
255,κρυόενθ'
255,αἳ
255,δὲ
255,φρένας
255,εὖτ'
255,ἀρέσαντο
256,αἵματος
256,ἀνδρομέου
256,τὸν
256,μὲν
256,ῥίπτασκον
256,ὀπίσσω
257,ἂψ
257,δ'
257,ὅμαδον
257,καὶ
257,μῶλον
257,ἐθύνεον
257,αὖτις
257,ἰοῦσαι
258,Κλωθὼ
258,καὶ
258,Λάχεσίς
258,σφιν
258,ἐφέστασαν
258,ἣ
258,μὲν
258,ὑφήσσων
259,Ἄτροπος
259,οὔ
259,τι
259,πέλεν
259,μεγάλη
259,θεός
259,ἀλλ'
259,ἄρα
259,ἥ
259,γε
260,τῶν
260,γε
260,μὲν
260,ἀλλάων
260,προφερής
260,τ'
260,ἦν
260,πρεσβυτάτη
260,τε
261,πᾶσαι
261,δ'
261,ἀμφ'
261,ἑνὶ
261,φωτὶ
261,μάχην
261,δριμεῖαν
261,ἔθεντο
262,δεινὰ
262,δ'
262,ἐς
262,ἀλλήλας
262,δράκον
262,ὄμμασι
262,θυμήνασαι
263,ἐν
263,δ'
263,ὄνυχας
263,χεῖράς
263,τε
263,θρασείας
263,ἰσώσαντο
264,πὰρ
264,δ'
264,Ἀχλὺς
264,εἱστήκει
264,ἐπισμυγερή
264,τε
264,καὶ
264,αἰνή
265,χλωρὴ
265,ἀυσταλέη
265,λιμῷ
265,καταπεπτηυῖα
266,γουνοπαχής
266,μακροὶ
266,δ'
266,ὄνυχες
266,χείρεσσιν
266,ὑπῆσαν
267,τῆς
267,ἐκ
267,μὲν
267,ῥινῶν
267,μύξαι
267,ῥέον
267,ἐκ
267,δὲ
267,παρειῶν
268,αἷμ'
268,ἀπελείβετ'
268,ἔραζ'
268,ἣ
268,δ'
268,ἄπλητον
268,σεσαρυῖα
269,εἱστήκει
269,πολλὴ
269,δὲ
269,κόνις
269,κατενήνοθεν
269,ὤμους
270,δάκρυσι
270,μυδαλέη
270,παρὰ
270,δ'
270,εὔπυργος
270,πόλις
270,ἀνδρῶν
271,χρύσειαι
271,δέ
271,μιν
271,εἶχον
271,ὑπερθυρίοις
271,ἀραρυῖαι
272,ἑπτὰ
272,πύλαι
272,τοὶ
272,δ'
272,ἄνδρες
272,ἐν
272,ἀγλαΐαις
272,τε
272,χοροῖς
272,τε
273,τέρψιν
273,ἔχον
273,τοὶ
273,μὲν
273,γὰρ
273,ἐυσσώτρου
273,ἐπ'
273,ἀπήνης
274,ἤγοντ'
274,ἀνδρὶ
274,γυναῖκα
274,πολὺς
274,δ'
274,ὑμέναιος
274,ὀρώρει
275,τῆλε
275,δ'
275,ἀπ'
275,αἰθομένων
275,δαΐδων
275,σέλας
275,εἰλύφαζε
276,χερσὶν
276,ἐνὶ
276,δμῳῶν
276,ταὶ
276,δ'
276,ἀγλαΐῃ
276,τεθαλυῖαι
277,πρόσθ'
277,ἔκιον
277,τῇσιν
277,δὲ
277,χοροὶ
277,παίζοντες
277,ἕποντο
278,τοὶ
278,μὲν
278,ὑπὸ
278,λιγυρῶν
278,συρίγγων
278,ἵεσαν
278,αὐδὴν
279,ἐξ
279,ἁπαλῶν
279,στομάτων
279,περὶ
279,δέ
279,σφισιν
279,ἄγνυτο
279,ἠχώ
280,αἳ
280,δ'
280,ὑπὸ
280,φορμίγγων
280,ἄναγον
280,χορὸν
280,ἱμερόεντα
281,ἔνθεν
281,δ'
281,αὖθ'
281,ἑτέρωθε
281,νέοι
281,κώμαζον
281,ὑπ'
281,αὐλοῦ
282,τοί
282,γε
282,μὲν
282,αὖ
282,παίζοντες
282,ὑπ'
282,ὀρχηθμῷ
282,καὶ
282,ἀοιδῇ
283,τοί
283,γε
283,μὲν
283,αὖ
283,γελόωντες
283,ὑπ'
283,αὐλητῆρι
283,ἕκαστος
284,πρόσθ'
284,ἔκιον
284,πᾶσαν
284,δὲ
284,πόλιν
284,θαλίαι
284,τε
284,χοροί
284,τε
285,ἀγλαΐαι
285,τ'
285,εἶχον
285,τοὶ
285,δ'
285,αὖ
285,προπάροιθε
285,πόληος
286,νῶθ'
286,ἵππων
286,ἐπιβάντες
286,ἐθύνεον
286,οἱ
286,δ'
286,ἀροτῆρες
287,ἤρεικον
287,χθόνα
287,δῖαν
287,ἐπιστολάδην
287,δὲ
287,χιτῶνας
288,ἐστάλατ'
288,αὐτὰρ
288,ἔην
288,βαθὺ
288,λήιον
288,οἵ
288,γε
288,μὲν
288,ἤμων
289,αἰχμῇς
289,ὀξείῃσι
289,κορωνιόωντα
289,πέτηλα
290,βριθόμενα
290,σταχύων
290,ὡς
290,εἰ
290,Δημήτερος
290,ἀκτήν
291,οἳ
291,δ'
291,ἄρ'
291,ἐν
291,ἐλλεδανοῖσι
291,δέον
291,καὶ
291,ἔπιτνον
291,ἀλωῇ
292,οἳ
292,δ'
292,ἐτρύγων
292,οἴνας
292,δρεπάνας
292,ἐν
292,χερσὶν
292,ἔχοντες
293,οἳ
293,δ'
293,αὖτ'
293,ἐς
293,ταλάρους
293,ἐφόρευν
293,ὑπὸ
293,τρυγητήρων
294,λευκοὺς
294,καὶ
294,μέλανας
294,βότρυας
294,μεγάλων
294,ἀπὸ
294,ὄρχων
295,βριθομένων
295,φύλλοισι
295,καὶ
295,ἀργυρέῃς
295,ἑλίκεσσιν
296,οἳ
296,δ'
296,αὖτ'
296,ἐς
296,ταλάρους
296,ἐφόρευν
296,παρὰ
296,δέ
296,σφισιν
296,ὄρχος
297,χρύσεος
297,ἦν
297,κλυτὰ
297,ἔργα
297,περίφρονος
297,Ἡφαίστοιο
298,τοί
298,γε
298,μὲν
298,αὖ
298,παίζοντες
298,ὑπ'
298,αὐλητῆρι
298,ἕκαστος
299,σειόμενος
299,φύλλοισι
299,καὶ
299,ἀργυρέῃσι
299,κάμαξι
300,βριθόμενος
300,σταφυλῇσι
300,μελάνθησάν
300,γε
300,μὲν
300,αἵδε
301,οἵ
301,γε
301,μὲν
301,ἐτράπεον
301,τοὶ
301,δ'
301,ἤρυον
301,οἳ
301,δὲ
301,μάχοντο
302,πύξ
302,τε
302,καὶ
302,ἑλκηδόν
302,τοὶ
302,δ'
302,ὠκύποδας
302,λαγὸς
302,ᾕρευν
303,ἄνδρες
303,θηρευταί
303,καὶ
303,καρχαρόδοντε
303,κύνε
303,πρό
304,ἱέμενοι
304,μαπέειν
304,οἳ
304,δ'
304,ἱέμενοι
304,ὑπαλύξαι
305,πὰρ
305,δ'
305,αὐτοῖς
305,ἱππῆες
305,ἔχον
305,πόνον
305,ἀμφὶ
305,δ'
305,ἀέθλῳ
306,δῆριν
306,ἔχον
306,καὶ
306,μόχθον
306,ἐυπλεκέων
306,δ'
306,ἐπὶ
306,δίφρων
307,ἡνίοχοι
307,βεβαῶτες
307,ἐφίεσαν
307,ὠκέας
307,ἵππους
308,ῥυτὰ
308,χαλαίνοντες
308,τὰ
308,δ'
308,ἐπικροτέοντα
308,πέτοντο
309,ἅρματα
309,κολλήεντ'
309,ἐπὶ
309,δὲ
309,πλῆμναι
309,μέγ'
309,ἀύτευν
310,οἳ
310,μὲν
310,ἄρ'
310,ἀίδιον
310,εἶχον
310,πόνον
310,οὐδέ
310,ποτέ
310,σφιν
311,νίκη
311,ἐπηνύσθη
311,ἀλλ'
311,ἄκριτον
311,εἶχον
311,ἄεθλον
312,τοῖσι
312,δὲ
312,καὶ
312,προύκειτο
312,μέγας
312,τρίπος
312,ἐντὸς
312,ἀγῶνος
313,χρύσειος
313,κλυτὰ
313,ἔργα
313,περίφρονος
313,Ἡφαίστοιο
314,Ἀμφὶ
314,δ'
314,ἴτυν
314,ῥέεν
314,Ὠκεανὸς
314,πλήθοντι
314,ἐοικώς
315,πᾶν
315,δὲ
315,συνεῖχε
315,σάκος
315,πολυδαίδαλον
315,οἳ
315,δὲ
315,κατ'
315,αὐτὸν
316,κύκνοι
316,ἀερσιπόται
316,μεγάλ'
316,ἤπυον
316,οἵ
316,ῥά
316,τε
316,πολλοὶ
317,νῆχον
317,ἐπ'
317,ἄκρον
317,ὕδωρ
317,παρὰ
317,δ'
317,ἰχθύες
317,ἐκλονέοντο
318,θαῦμα
318,ἰδεῖν
318,καὶ
318,Ζηνὶ
318,βαρυκτύπῳ
318,οὗ
318,διὰ
318,βουλὰς
319,Ἥφαιστος
319,ποίησε
319,σάκος
319,μέγα
319,τε
319,στιβαρόν
319,τε
320,ἀρσάμενος
320,παλάμῃσι
320,τὸ
320,μὲν
320,Διὸς
320,ἄλκιμος
320,υἱὸς
321,πάλλεν
321,ἐπικρατέως
321,ἐπὶ
321,δ'
321,ἱππείου
321,θόρε
321,δίφρου
322,εἴκελος
322,ἀστεροπῇ
322,πατρὸς
322,Διὸς
322,αἰγιόχοιο
323,κοῦφα
323,βιβάς
323,τῷ
323,δ'
323,ἡνίοχος
323,κρατερὸς
323,Ἰόλαος
324,δίφρου
324,ἐπεμβεβαὼς
324,ἰθύνετο
324,καμπύλον
324,ἅρμα
325,Ἀγχίμολον
325,δέ
325,σφ'
325,ἦλθε
325,θεὰ
325,γλαυκῶπις
325,Ἀθήνη
326,καί
326,σφεας
326,θαρσύνουσ'
326,ἔπεα
326,πτερόεντα
326,προσηύδα
327,Χαίρετε
327,Λυγκῆος
327,γενεὴ
327,τηλεκλειτοῖο
328,νῦν
328,δὴ
328,Ζεὺς
328,κράτος
328,ὔμμι
328,διδοῖ
328,μακάρεσσιν
328,ἀνάσσων
329,Κύκνον
329,τ'
329,ἐξεναρεῖν
329,καὶ
329,ἀπὸ
329,κλυτὰ
329,τεύχεα
329,δῦσαι
330,ἄλλο
330,δέ
330,τοί
330,τι
330,ἔπος
330,ἐρέω
330,μέγα
330,φέρτατε
330,λαῶν
331,εὖτ'
331,ἂν
331,δὴ
331,Κύκνον
331,γλυκερῆς
331,αἰῶνος
331,ἀμέρσῃς
332,τὸν
332,μὲν
332,ἔπειτ'
332,αὐτοῦ
332,λιπέειν
332,καὶ
332,τεύχεα
332,τοῖο
333,αὐτὸς
333,δὲ
333,βροτολοιγὸν
333,Ἄρη'
333,ἐπιόντα
333,δοκεύσας
334,ἔνθα
334,κε
334,γυμνωθέντα
334,σάκευς
334,ὕπο
334,δαιδαλέοιο
335,ὀφθαλμοῖσιν
335,ἴδῃς
335,ἔνθ'
335,οὐτάμεν
335,ὀξέι
335,χαλκῷ
336,ἂψ
336,δ'
336,ἀναχάσσασθαι
336,ἐπεὶ
336,οὔ
336,νύ
336,τοι
336,αἴσιμόν
336,ἐστιν
337,οὔθ'
337,ἵππους
337,ἑλέειν
337,οὔτε
337,κλυτὰ
337,τεύχεα
337,τοῖο
338,Ὣς
338,εἰποῦσ'
338,ἐς
338,δίφρον
338,ἐβήσατο
338,δῖα
338,θεάων
339,νίκην
339,ἀθανάτῃς
339,χερσὶν
339,καὶ
339,κῦδος
339,ἔχουσα
340,ἐσσυμένως
340,τότε
340,δή
340,ῥα
340,διόγνητος
340,Ἰόλαος
341,σμερδαλέον
341,ἵπποισιν
341,ἐκέκλετο
341,τοὶ
341,δ'
341,ὑπ'
341,ὀμοκλῆς
342,ῥίμφ'
342,ἔφερον
342,θοὸν
342,ἅρμα
342,κονίοντες
342,πεδίοιο
343,ἐν
343,γάρ
343,σφιν
343,μένος
343,ἧκε
343,θεὰ
343,γλαυκῶπις
343,Ἀθήνη
344,αἰγίδ'
344,ἀνασσείσασα
344,περιστενάχησε
344,δὲ
344,γαῖα
345,τοὶ
345,δ'
345,ἄμυδις
345,προγένοντ'
345,ἴκελοι
345,πυρὶ
345,ἠὲ
345,θυέλλῃ
346,Κύκνος
346,θ'
346,ἱππόδαμος
346,καὶ
346,Ἄρης
346,ἀκόρητος
346,ἀυτῆς
347,τῶν
347,δ'
347,ἵπποι
347,μὲν
347,ἔπειθ'
347,ὑπεναντίοι
347,ἀλλήλοισιν
348,ὀξεῖα
348,χρέμισαν
348,περὶ
348,δέ
348,σφισιν
348,ἄγνυτο
348,ἠχώ
349,τὸν
349,πρότερος
349,προσέειπε
349,βίη
349,Ἡρακληείη
350,Κύκνε
350,πέπον
350,τί
350,νυ
350,νῶιν
350,ἐπίσχετον
350,ὠκέας
350,ἵππους
351,ἀνδράσιν
351,οἵ
351,τε
351,πόνου
351,καὶ
351,ὀιζύος
351,ἴδριές
351,εἰμεν;
352,ἀλλὰ
352,παρὲξ
352,ἔχε
352,δίφρον
352,ἐύξοον
352,ἠδὲ
352,κελεύθου
353,εἶκε
353,†
353,παρὲξ
353,ἰέναι
353,†
353,
353,Τρηχῖνάδε
353,τοι
353,παρελαύνω
354,ἐς
354,Κήυκα
354,ἄνακτα
354,ὃ
354,γὰρ
354,δυνάμει
354,τε
354,καὶ
354,αἰδοῖ
355,Τρηχῖνος
355,προβέβηκε
355,σὺ
355,δ'
355,εὖ
355,μάλα
355,οἶσθα
355,καὶ
355,αὐτός
356,τοῦ
356,γὰρ
356,ὀπυίεις
356,παῖδα
356,Θεμιστονόην
356,κυανῶπιν
357,ὦ
357,πέπον
357,οὐ
357,μὲν
357,γάρ
357,τοι
357,Ἄρης
357,θανάτοιο
357,τελευτὴν
358,ἀρκέσει
358,εἰ
358,δὴ
358,νῶι
358,συνοισόμεθα
358,πτολεμίζειν
359,ἤδη
359,μέν
359,τέ
359,ἕ
359,φημι
359,καὶ
359,ἄλλοτε
359,πειρηθῆναι
360,ἔγχεος
360,ἡμετέρου
360,ὅθ'
360,ὑπὲρ
360,Πύλου
360,ἠμαθόεντος
361,ἀντίος
361,ἔστη
361,ἐμεῖο
361,μάχης
361,ἄμοτον
361,μενεαίνων
362,τρὶς
362,μὲν
362,ἐμῷ
362,ὑπὸ
362,δουρὶ
362,τυπεὶς
362,ἠρείσατο
362,γαίῃ
363,οὐταμένου
363,σάκεος
363,τὸ
363,δὲ
363,τέτρατον
363,ἤλασα
363,μηρὸν
364,παντὶ
364,μένει
364,σπεύδων
364,διὰ
364,δὲ
364,μέγα
364,σαρκὸς
364,ἄραξα
365,πρηνὴς
365,δ'
365,ἐν
365,κονίῃσι
365,χαμαὶ
365,πέσεν
365,ἔγχεος
365,ὁρμῇ
366,ἔνθα
366,κε
366,δὴ
366,λωβητὸς
366,ἐν
366,ἀθανάτοισιν
366,ἐτύχθη
367,χερσὶν
367,ὕφ'
367,ἡμετέρῃσι
367,λιπὼν
367,ἔναρα
367,βροτόεντα
367,
368,Ὣς
368,ἔφατ'
368,οὐδ'
368,ἄρα
368,Κύκνος
368,ἐυμμελίης
368,ἐμενοίνα
369,τῷ
369,ἐπιπειθόμενος
369,ἐχέμεν
369,ἐρυσάρματας
369,ἵππους
370,δὴ
370,τότ'
370,ἀπ'
370,εὐπλεκέων
370,δίφρων
370,θόρον
370,αἶψ'
370,ἐπὶ
370,γαῖαν
371,παῖς
371,τε
371,Διὸς
371,μεγάλου
371,καὶ
371,Ἐνυαλίοιο
371,ἄνακτος
372,ἡνίοχοι
372,δ'
372,ἔμπλην
372,ἔλασαν
372,καλλίτριχας
372,ἵππους
373,τῶν
373,δ'
373,ὑπὸ
373,σευομένων
373,κανάχιζε
373,†
373,πόσ'
373,εὐρεῖα
373,χθών
373,†
374,ὡς
374,δ'
374,ὅτ'
374,ἀφ'
374,ὑψηλῆς
374,κορυφῆς
374,ὄρεος
374,μεγάλοιο
375,πέτραι
375,ἀποθρώσκωσιν
375,ἐπ'
375,ἀλλήλαις
375,δὲ
375,πέσωσι
376,πολλαὶ
376,δὲ
376,δρῦς
376,ὑψίκομοι
376,πολλαὶ
376,δέ
376,τε
376,πεῦκαι
377,αἴγειροί
377,τε
377,τανύρριζοι
377,ῥήγνυνται
377,ὑπ'
377,αὐτέων
378,ῥίμφα
378,κυλινδομένων
378,ἧος
378,πεδίονδ'
378,ἀφίκωνται
379,ὣς
379,οἳ
379,ἐπ'
379,ἀλλήλοισι
379,πέσον
379,μέγα
379,κεκλήγοντες
380,πᾶσα
380,δὲ
380,Μυρμιδόνων
380,τε
380,πόλις
380,κλειτή
380,τ'
380,Ἰαωλκὸς
381,Ἄρνη
381,τ'
381,ἠδ'
381,Ἑλίκη
381,Ἄνθειά
381,τε
381,ποιήεσσα
382,φωνῇ
382,ὑπ'
382,ἀμφοτέρων
382,μεγάλ'
382,ἴαχον
382,οἳ
382,δ'
382,ἀλαλητῷ
383,θεσπεσίῳ
383,σύνισαν
383,μέγα
383,δ'
383,ἔκτυπε
383,μητίετα
383,Ζεύς
384,κὰδ
384,δ'
384,ἄρ'
384,ἀπ'
384,οὐρανόθεν
384,ψιάδας
384,βάλεν
384,αἱματοέσσας
385,σῆμα
385,τιθεὶς
385,πολέμοιο
385,ἑῷ
385,μεγαθαρσέι
385,παιδί
386,οἷος
386,δ'
386,ἐν
386,βήσσῃς
386,ὄρεος
386,χαλεπὸς
386,προϊδέσθαι
387,κάπρος
387,χαυλιόδων
387,φρονέει
387,δὲ
387,θυμῷ
387,μαχέσασθαι
388,ἀνδράσι
388,θηρευτῇς
388,θήγει
388,δέ
388,τε
388,λευκὸν
388,ὀδόντα
389,δοχμωθείς
389,ἀφρὸς
389,δὲ
389,περὶ
389,στόμα
389,μαστιχόωντι
390,λείβεται
390,ὄσσε
390,δέ
390,οἱ
390,πυρὶ
390,λαμπετόωντι
390,ἔικτον
391,ὀρθὰς
391,δ'
391,ἐν
391,λοφιῇ
391,φρίσσει
391,τρίχας
391,ἀμφί
391,τε
391,δειρήν
392,τῷ
392,ἴκελος
392,Διὸς
392,υἱὸς
392,ἀφ'
392,ἱππείου
392,θόρε
392,δίφρου
393,ἦμος
393,δὲ
393,χλοερῷ
393,κυανόπτερος
393,ἠχέτα
393,τέττιξ
394,ὄζῳ
394,ἐφεζόμενος
394,θέρος
394,ἀνθρώποισιν
394,ἀείδειν
395,ἄρχεται
395,ᾧ
395,τε
395,πόσις
395,καὶ
395,βρῶσις
395,θῆλυς
395,ἐέρση
396,καί
396,τε
396,πανημέριός
396,τε
396,καὶ
396,ἠῷος
396,χέει
396,αὐδὴν
397,ἴδει
397,ἐν
397,αἰνοτάτῳ
397,ὅτε
397,τε
397,χρόα
397,Σείριος
397,ἄζει
398,τῆμος
398,δὴ
398,κέγχροισι
398,πέρι
398,γλῶχες
398,τελέθουσι
399,τούς
399,τε
399,θέρει
399,σπείρουσιν
399,ὅτ'
399,ὄμφακες
399,αἰόλλονται
400,οἷα
400,Διώνυσος
400,δῶκ'
400,ἀνδράσι
400,χάρμα
400,καὶ
400,ἄχθος
401,τὴν
401,ὥρην
401,μάρναντο
401,πολὺς
401,δ'
401,ὀρυμαγδὸς
401,ὀρώρει
402,ὡς
402,δὲ
402,λέοντε
402,δύω
402,ἀμφὶ
402,κταμένης
402,ἐλάφοιο
403,ἀλλήλοις
403,κοτέοντες
403,ἐπὶ
403,σφέας
403,ὁρμήσωσι
404,δεινὴ
404,δέ
404,σφ'
404,ἰαχὴ
404,ἄραβός
404,θ'
404,ἅμα
404,γίνετ'
404,ὀδόντων
404,
405,οἳ
405,δ'
405,ὥς
405,τ'
405,αἰγυπιοὶ
405,γαμψώνυχες
405,ἀγκυλοχῆλαι
406,πέτρῃ
406,ἐφ'
406,ὑψηλῇ
406,μεγάλα
406,κλάζοντε
406,μάχωνται
407,αἰγὸς
407,ὀρεσσινόμου
407,ἢ
407,ἀγροτέρης
407,ἐλάφοιο
408,πίονος
408,ἥν
408,τ'
408,ἐδάμασσε
408,βαλὼν
408,αἰζήιος
408,ἀνὴρ
409,ἰῷ
409,ἀπὸ
409,νευρῆς
409,αὐτὸς
409,δ'
409,ἀπαλήσεται
409,ἄλλῃ
410,χώρου
410,ἄιδρις
410,ἐών
410,οἳ
410,δ'
410,ὀτραλέως
410,ἐνόησαν
411,ἐσσυμένως
411,δέ
411,οἱ
411,ἀμφὶ
411,μάχην
411,δριμεῖαν
411,ἔθεντο
412,ὣς
412,οἳ
412,κεκλήγοντες
412,ἐπ'
412,ἀλλήλοισιν
412,ὄρουσαν
413,ἔνθ'
413,ἦ
413,τοι
413,Κύκνος
413,μέν
413,ὑπερμενέος
413,Διὸς
413,υἱὸν
414,κτεινέμεναι
414,μεμαώς
414,σάκει
414,ἔμβαλε
414,χάλκεον
414,ἔγχος
415,οὐδ'
415,ἔρρηξεν
415,χαλκός
415,ἔρυτο
415,δὲ
415,δῶρα
415,θεοῖο
416,Ἀμφιτρυωνιάδης
416,δέ
416,βίη
416,Ἡρακληείη
417,μεσσηγὺς
417,κόρυθός
417,τε
417,καὶ
417,ἀσπίδος
417,ἔγχεϊ
417,μακρῷ
418,αὐχένα
418,γυμνωθέντα
418,θοῶς
418,ὑπένερθε
418,γενείου
419,ἤλασ'
419,ἐπικρατέως
419,ἀπὸ
419,δ'
419,ἄμφω
419,κέρσε
419,τένοντε
420,ἀνδροφόνος
420,μελίη
420,μέγα
420,γὰρ
420,σθένος
420,ἔμπεσε
420,φωτός
421,ἤριπε
421,δ'
421,ὡς
421,ὅτε
421,τις
421,δρῦς
421,ἤριπεν
421,ἢ
421,ὅτε
421,πεύκη
422,ἠλίβατος
422,πληγεῖσα
422,Διὸς
422,ψολόεντι
422,κεραυνῷ
423,ὣς
423,ἔριπ'
423,ἀμφὶ
423,δέ
423,οἱ
423,βράχε
423,τεύχεα
423,ποικίλα
423,χαλκῷ
424,Τὸν
424,μὲν
424,ἔπειτ'
424,εἴασε
424,Διὸς
424,ταλακάρδιος
424,υἱός
425,αὐτὸς
425,δὲ
425,βροτολοιγὸν
425,Ἄρην
425,προσιόντα
425,δοκεύσας
426,δεινὸν
426,ὁρῶν
426,ὄσσοισι
426,λέων
426,ὣς
426,σώματι
426,κύρσας
427,ὅς
427,τε
427,μάλ'
427,ἐνδυκέως
427,ῥινὸν
427,κρατεροῖς
427,ὀνύχεσσι
428,σχίσσας
428,ὅττι
428,τάχιστα
428,μελίφρονα
428,θυμὸν
428,ἀπηύρα
429,ἐμ
429,μένεος
429,δ'
429,ἄρα
429,τοῦ
429,γε
429,κελαινὸν
429,πίμπλαται
429,ἦτορ
430,γλαυκιόων
430,δ'
430,ὄσσοις
430,δεινὸν
430,πλευράς
430,τε
430,καὶ
430,ὤμους
431,οὐρῇ
431,μαστιόων
431,ποσσὶν
431,γλάφει
431,οὐδέ
431,τις
431,αὐτὸν
432,ἔτλη
432,ἐς
432,ἄντα
432,ἰδὼν
432,σχεδὸν
432,ἐλθέμεν
432,οὐδὲ
432,μάχεσθαι
433,τοῖος
433,ἄρ'
433,Ἀμφιτρυωνιάδης
433,ἀκόρητος
433,ἀυτῆς
434,ἀντίος
434,ἔστη
434,Ἄρηος
434,ἐνὶ
434,φρεσὶ
434,θάρσος
434,ἀέξων
435,ἐσσυμένως
435,ὃ
435,δέ
435,οἱ
435,σχεδὸν
435,ἤλυθεν
435,ἀχνύμενος
435,κῆρ
436,ἀμφότεροι
436,δ'
436,ἰάχοντες
436,ἐπ'
436,ἀλλήλοισιν
436,ὄρουσαν
437,ὡς
437,δ'
437,ὅτ'
437,ἀπὸ
437,μεγάλου
437,πέτρη
437,πρηῶνος
437,ὀρούσῃ
438,μακρὰ
438,δ'
438,ἐπιθρώσκουσα
438,κυλίνδεται
438,ἣ
438,δέ
438,τε
438,ἠχῇ
439,ἔρχεται
439,ἐμμεμαυῖα
439,πάγος
439,δέ
439,οἱ
439,ἀντεβόλησεν
440,ὑψηλός
440,τῷ
440,δὴ
440,συνενείκεται
440,ἔνθα
440,μιν
440,ἴσχει
441,τὼς
441,<ἄρ'>
441,ὃ
441,μὲν
441,ἰαχῇ
441,βρισάρματος
441,οὔλιος
441,Ἄρης
442,κεκληγὼς
442,ἐπόρουσεν
442,ὃ
442,δ'
442,ἐμμαπέως
442,ὑπέδεκτο
443,αὐτὰρ
443,Ἀθηναίη
443,κούρη
443,Διὸς
443,αἰγιόχοιο
444,ἀντίη
444,ἦλθεν
444,Ἄρηος
444,ἐρεμνὴν
444,αἰγίδ'
444,ἔχουσα
445,δεινὰ
445,δ'
445,ὑπόδρα
445,ἰδοῦσ'
445,ἔπεα
445,πτερόεντα
445,προσηύδα
446,Ἆρες
446,ἔπισχε
446,μένος
446,κρατερὸν
446,καὶ
446,χεῖρας
446,ἀάπτους
447,οὐ
447,γάρ
447,τοι
447,θέμις
447,ἐστὶν
447,ἀπὸ
447,κλυτὰ
447,τεύχεα
447,δῦσαι
448,Ἡρακλέα
448,κτείναντα
448,Διὸς
448,θρασυκάρδιον
448,υἱόν
449,ἀλλ'
449,ἄγε
449,παῦε
449,μάχης
449,μηδ'
449,ἀντίος
449,ἵστασ'
449,ἐμεῖο
450,Ὣς
450,ἔφατ'
450,ἀλλ'
450,οὐ
450,πεῖθ'
450,Ἄρεος
450,μεγαλήτορα
450,θυμόν
451,ἀλλὰ
451,μέγα
451,ἰάχων
451,φλογὶ
451,εἴκελα
451,τεύχεα
451,πάλλων
452,καρπαλίμως
452,ἐπόρουσε
452,βίῃ
452,Ἡρακληείῃ
453,κακκτάμεναι
453,μεμαώς
453,καί
453,ῥ'
453,ἔμβαλε
453,χάλκεον
453,ἔγχος
454,σπερχνὸν
454,παιδὸς
454,ἑοῦ
454,κοτέων
454,περὶ
454,τεθνηῶτος
455,ἐν
455,σάκεϊ
455,μεγάλῳ
455,ἀπὸ
455,δὲ
455,γλαυκῶπις
455,Ἀθήνη
456,ἔγχεος
456,ὁρμὴν
456,ἔτραπ'
456,ὀρεξαμένη
456,ἀπὸ
456,δίφρου
457,δριμὺ
457,δ'
457,Ἄρη'
457,ἄχος
457,εἷλεν
457,ἐρυσσάμενος
457,δ'
457,ἄορ
457,ὀξὺ
458,ἔσσυτ'
458,ἐφ'
458,Ἡρακλέα
458,κρατερόφρονα
458,τὸν
458,δ'
458,ἐπιόντα
459,Ἀμφιτρυωνιάδης
459,δεινῆς
459,ἀκόρητος
459,ἀυτῆς
460,μηρὸν
460,γυμνωθέντα
460,σάκευς
460,ὑπὸ
460,δαιδαλέοιο
461,οὔτασ'
461,ἐπικρατέως
461,διὰ
461,δὲ
461,μέγα
461,σαρκὸς
461,ἄραξε
462,δούρατι
462,νωμήσας
462,ἐπὶ
462,δὲ
462,χθονὶ
462,κάββαλε
462,μέσσῃ
463,τῷ
463,δὲ
463,Φόβος
463,καὶ
463,Δεῖμος
463,ἐύτροχον
463,ἅρμα
463,καὶ
463,ἵππους
464,ἤλασαν
464,αἶψ'
464,ἐγγύς
464,καὶ
464,ἀπὸ
464,χθονὸς
464,εὐρυοδείης
465,ἐς
465,δίφρον
465,θῆκαν
465,πολυδαίδαλον
465,αἶψα
465,δ'
465,ἔπειτα
466,ἵππους
466,μαστιέτην
466,ἵκοντο
466,δὲ
466,μακρὸν
466,Ὄλυμπον
467,υἱὸς
467,δ'
467,Ἀλκμήνης
467,καὶ
467,κυδάλιμος
467,Ἰόλαος
468,Κύκνον
468,σκυλεύσαντες
468,ἀπ'
468,ὤμων
468,τεύχεα
468,καλὰ
469,νίσοντ'
469,αἶψα
469,δ'
469,ἔπειτα
469,πόλιν
469,Τρηχῖνος
469,ἵκοντο
470,ἵπποις
470,ὠκυπόδεσσιν
470,ἀτὰρ
470,γλαυκῶπις
470,Ἀθήνη
471,ἐξίκετ'
471,Οὔλυμπόν
471,τε
471,μέγαν
471,καὶ
471,δώματα
471,πατρός
472,Κύκνον
472,δ'
472,αὖ
472,Κήυξ
472,θάπτεν
472,καὶ
472,λαὸς
472,ἀπείρων
473,οἵ
473,ῥ'
473,ἐγγὺς
473,ναῖον
473,πόλιος
473,κλειτοῦ
473,βασιλῆος
474,Ἄνθην
474,Μυρμιδόνων
474,τε
474,πόλιν
474,κλειτήν
474,τ'
474,Ἰαωλκὸν
475,Ἄρνην
475,τ'
475,ἠδ'
475,Ἑλίκην
475,πολλὸς
475,δ'
475,ἠγείρετο
475,λαός
476,τιμῶντες
476,Κήυκα
476,φίλον
476,μακάρεσσι
476,θεοῖσιν
477,τοῦ
477,δὲ
477,τάφον
477,καὶ
477,σῆμ'
477,ἀιδὲς
477,ποίησεν
477,Ἄναυρος
478,ὄμβρῳ
478,χειμερίῳ
478,πλήθων
478,τὼς
478,γάρ
478,μιν
478,Ἀπόλλων
479,Λητοΐδης
479,ἤνωξ'
479,ὅτι
479,ῥα
479,κλειτὰς
479,ἑκατόμβας
480,ὅστις
480,ἄγοι
480,Πυθοῖδε
480,βίῃ
480,σύλασκε
480,δοκεύων
